{
  "IcoMoonType": "selection",
  "icons": [
    {
      "icon": {
        "width": 1152,
        "paths": [
          "M224 128h-192c-17.6 0-32 14.4-32 32v704c0 17.6 14.4 32 32 32h192c17.6 0 32-14.4 32-32v-704c0-17.6-14.4-32-32-32zM192 320h-128v-64h128v64z",
          "M544 128h-192c-17.6 0-32 14.4-32 32v704c0 17.6 14.4 32 32 32h192c17.6 0 32-14.4 32-32v-704c0-17.6-14.4-32-32-32zM512 320h-128v-64h128v64z",
          "M765.088 177.48l-171.464 86.394c-15.716 7.918-22.096 27.258-14.178 42.976l287.978 571.548c7.918 15.718 27.258 22.098 42.976 14.178l171.464-86.392c15.716-7.92 22.096-27.26 14.178-42.974l-287.978-571.55c-7.92-15.718-27.26-22.1-42.976-14.18z",
          "M928 864c0 17.673-14.327 32-32 32s-32-14.327-32-32c0-17.673 14.327-32 32-32s32 14.327 32 32z"
        ],
        "tags": [
          "books",
          "library",
          "archive"
        ],
        "defaultCode": 59680,
        "grid": 16,
        "attrs": []
      },
      "attrs": [],
      "properties": {
        "ligatures": "books, library",
        "name": "books",
        "order": 5,
        "id": 33,
        "prevSize": 32
      },
      "setIdx": 0,
      "setId": 1,
      "iconIdx": 32
    }
  ],
  "height": 1024,
  "preferences": {
    "showGlyphs": true,
    "showQuickUse": true,
    "showQuickUse2": true,
    "showSVGs": true,
    "fontPref": {
      "prefix": "icon-",
      "metadata": {
        "fontFamily": "icomoon"
      },
      "metrics": {
        "emSize": 1024,
        "baseline": 6.25,
        "whitespace": 50
      },
      "embed": false
    },
    "imagePref": {
      "prefix": "icon-",
      "png": true,
      "useClassSelector": true,
      "color": 128,
      "bgColor": 16777215,
      "classSelector": ".icon",
      "height": 32,
      "columns": 16,
      "margin": 16
    },
    "historySize": 100,
    "showCodes": true,
    "gridSize": 16
  }
}